INSERT INTO public.atividade (atividade_id, atividade_code, criador, data_criacao, global, nome_atividade) VALUES (2, 10000000, 'admin@professor.com', 1750460528370, true, 'Matemática - Fácil 1');
INSERT INTO public.atividade (atividade_id, atividade_code, criador, data_criacao, global, nome_atividade) VALUES (3, 10000001, 'admin@professor.com', 1750460528370, true, 'Matemática - Fácil 2');
INSERT INTO public.atividade (atividade_id, atividade_code, criador, data_criacao, global, nome_atividade) VALUES (4, 10000002, 'admin@professor.com', 1750460528370, true, 'Matemática - Fácil 3');
INSERT INTO public.atividade (atividade_id, atividade_code, criador, data_criacao, global, nome_atividade) VALUES (5, 10000003, 'admin@professor.com', 1750460528370, true, 'Matemática - Fácil 4');
INSERT INTO public.atividade (atividade_id, atividade_code, criador, data_criacao, global, nome_atividade) VALUES (6, 10000004, 'admin@professor.com', 1750460528370, true, 'Matemática - Intermediário 5');
INSERT INTO public.atividade (atividade_id, atividade_code, criador, data_criacao, global, nome_atividade) VALUES (7, 10000005, 'admin@professor.com', 1750460528370, true, 'Matemática - Intermediário 6');
INSERT INTO public.atividade (atividade_id, atividade_code, criador, data_criacao, global, nome_atividade) VALUES (8, 10000006, 'admin@professor.com', 1750460528370, true, 'Matemática - Intermediário 7');
INSERT INTO public.atividade (atividade_id, atividade_code, criador, data_criacao, global, nome_atividade) VALUES (9, 10000007, 'admin@professor.com', 1750460528370, true, 'Matemática - Intermediário 8');
INSERT INTO public.atividade (atividade_id, atividade_code, criador, data_criacao, global, nome_atividade) VALUES (10, 10000008, 'admin@professor.com', 1750460528370, true, 'Matemática - Difícil 9');
INSERT INTO public.atividade (atividade_id, atividade_code, criador, data_criacao, global, nome_atividade) VALUES (11, 10000009, 'admin@professor.com', 1750460528370, true, 'Matemática - Difícil 10');
INSERT INTO public.atividade (atividade_id, atividade_code, criador, data_criacao, global, nome_atividade) VALUES (12, 10000010, 'admin@professor.com', 1750460528370, true, 'Ciências - Fácil 1');
INSERT INTO public.atividade (atividade_id, atividade_code, criador, data_criacao, global, nome_atividade) VALUES (13, 10000011, 'admin@professor.com', 1750460528370, true, 'Ciências - Fácil 2');
INSERT INTO public.atividade (atividade_id, atividade_code, criador, data_criacao, global, nome_atividade) VALUES (14, 10000012, 'admin@professor.com', 1750460528370, true, 'Ciências - Fácil 3');
INSERT INTO public.atividade (atividade_id, atividade_code, criador, data_criacao, global, nome_atividade) VALUES (15, 10000013, 'admin@professor.com', 1750460528370, true, 'Ciências - Fácil 4');
INSERT INTO public.atividade (atividade_id, atividade_code, criador, data_criacao, global, nome_atividade) VALUES (16, 10000014, 'admin@professor.com', 1750460528370, true, 'Ciências - Intermediário 5');
INSERT INTO public.atividade (atividade_id, atividade_code, criador, data_criacao, global, nome_atividade) VALUES (17, 10000015, 'admin@professor.com', 1750460528370, true, 'Ciências - Intermediário 6');
INSERT INTO public.atividade (atividade_id, atividade_code, criador, data_criacao, global, nome_atividade) VALUES (18, 10000016, 'admin@professor.com', 1750460528370, true, 'Ciências - Intermediário 7');
INSERT INTO public.atividade (atividade_id, atividade_code, criador, data_criacao, global, nome_atividade) VALUES (19, 10000017, 'admin@professor.com', 1750460528370, true, 'Ciências - Intermediário 8');
INSERT INTO public.atividade (atividade_id, atividade_code, criador, data_criacao, global, nome_atividade) VALUES (20, 10000018, 'admin@professor.com', 1750460528370, true, 'Ciências - Difícil 9');
INSERT INTO public.atividade (atividade_id, atividade_code, criador, data_criacao, global, nome_atividade) VALUES (21, 10000019, 'admin@professor.com', 1750460528370, true, 'Ciências - Difícil 10');
INSERT INTO public.atividade (atividade_id, atividade_code, criador, data_criacao, global, nome_atividade) VALUES (22, 10000020, 'admin@professor.com', 1750460528370, true, 'Geografia - Fácil 1');
INSERT INTO public.atividade (atividade_id, atividade_code, criador, data_criacao, global, nome_atividade) VALUES (23, 10000021, 'admin@professor.com', 1750460528370, true, 'Geografia - Fácil 2');
INSERT INTO public.atividade (atividade_id, atividade_code, criador, data_criacao, global, nome_atividade) VALUES (24, 10000022, 'admin@professor.com', 1750460528370, true, 'Geografia - Fácil 3');
INSERT INTO public.atividade (atividade_id, atividade_code, criador, data_criacao, global, nome_atividade) VALUES (25, 10000023, 'admin@professor.com', 1750460528370, true, 'Geografia - Fácil 4');
INSERT INTO public.atividade (atividade_id, atividade_code, criador, data_criacao, global, nome_atividade) VALUES (26, 10000024, 'admin@professor.com', 1750460528370, true, 'Geografia - Intermediário 5');
INSERT INTO public.atividade (atividade_id, atividade_code, criador, data_criacao, global, nome_atividade) VALUES (27, 10000025, 'admin@professor.com', 1750460528370, true, 'Geografia - Intermediário 6');
INSERT INTO public.atividade (atividade_id, atividade_code, criador, data_criacao, global, nome_atividade) VALUES (28, 10000026, 'admin@professor.com', 1750460528370, true, 'Geografia - Intermediário 7');
INSERT INTO public.atividade (atividade_id, atividade_code, criador, data_criacao, global, nome_atividade) VALUES (29, 10000027, 'admin@professor.com', 1750460528370, true, 'Geografia - Intermediário 8');
INSERT INTO public.atividade (atividade_id, atividade_code, criador, data_criacao, global, nome_atividade) VALUES (30, 10000028, 'admin@professor.com', 1750460528370, true, 'Geografia - Difícil 9');
INSERT INTO public.atividade (atividade_id, atividade_code, criador, data_criacao, global, nome_atividade) VALUES (31, 10000029, 'admin@professor.com', 1750460528370, true, 'Geografia - Difícil 10');
INSERT INTO public.atividade (atividade_id, atividade_code, criador, data_criacao, global, nome_atividade) VALUES (32, 10000030, 'admin@professor.com', 1750460528370, true, 'Português - Fácil 1');
INSERT INTO public.atividade (atividade_id, atividade_code, criador, data_criacao, global, nome_atividade) VALUES (33, 10000031, 'admin@professor.com', 1750460528370, true, 'Português - Fácil 2');
INSERT INTO public.atividade (atividade_id, atividade_code, criador, data_criacao, global, nome_atividade) VALUES (34, 10000032, 'admin@professor.com', 1750460528370, true, 'Português - Fácil 3');
INSERT INTO public.atividade (atividade_id, atividade_code, criador, data_criacao, global, nome_atividade) VALUES (35, 10000033, 'admin@professor.com', 1750460528370, true, 'Português - Fácil 4');
INSERT INTO public.atividade (atividade_id, atividade_code, criador, data_criacao, global, nome_atividade) VALUES (36, 10000034, 'admin@professor.com', 1750460528370, true, 'Português - Intermediário 5');
INSERT INTO public.atividade (atividade_id, atividade_code, criador, data_criacao, global, nome_atividade) VALUES (37, 10000035, 'admin@professor.com', 1750460528370, true, 'Português - Intermediário 6');
INSERT INTO public.atividade (atividade_id, atividade_code, criador, data_criacao, global, nome_atividade) VALUES (38, 10000036, 'admin@professor.com', 1750460528370, true, 'Português - Intermediário 7');
INSERT INTO public.atividade (atividade_id, atividade_code, criador, data_criacao, global, nome_atividade) VALUES (39, 10000037, 'admin@professor.com', 1750460528370, true, 'Português - Intermediário 8');
INSERT INTO public.atividade (atividade_id, atividade_code, criador, data_criacao, global, nome_atividade) VALUES (40, 10000038, 'admin@professor.com', 1750460528370, true, 'Português - Difícil 9');
INSERT INTO public.atividade (atividade_id, atividade_code, criador, data_criacao, global, nome_atividade) VALUES (41, 10000039, 'admin@professor.com', 1750460528370, true, 'Português - Difícil 10');
INSERT INTO public.atividade (atividade_id, atividade_code, criador, data_criacao, global, nome_atividade) VALUES (42, 10000040, 'admin@professor.com', 1750460528370, true, 'História - Fácil 1');
INSERT INTO public.atividade (atividade_id, atividade_code, criador, data_criacao, global, nome_atividade) VALUES (43, 10000041, 'admin@professor.com', 1750460528370, true, 'História - Fácil 2');
INSERT INTO public.atividade (atividade_id, atividade_code, criador, data_criacao, global, nome_atividade) VALUES (44, 10000042, 'admin@professor.com', 1750460528370, true, 'História - Fácil 3');
INSERT INTO public.atividade (atividade_id, atividade_code, criador, data_criacao, global, nome_atividade) VALUES (45, 10000043, 'admin@professor.com', 1750460528370, true, 'História - Fácil 4');
INSERT INTO public.atividade (atividade_id, atividade_code, criador, data_criacao, global, nome_atividade) VALUES (46, 10000044, 'admin@professor.com', 1750460528370, true, 'História - Intermediário 5');
INSERT INTO public.atividade (atividade_id, atividade_code, criador, data_criacao, global, nome_atividade) VALUES (47, 10000045, 'admin@professor.com', 1750460528370, true, 'História - Intermediário 6');
INSERT INTO public.atividade (atividade_id, atividade_code, criador, data_criacao, global, nome_atividade) VALUES (48, 10000046, 'admin@professor.com', 1750460528370, true, 'História - Intermediário 7');
INSERT INTO public.atividade (atividade_id, atividade_code, criador, data_criacao, global, nome_atividade) VALUES (49, 10000047, 'admin@professor.com', 1750460528370, true, 'História - Intermediário 8');
INSERT INTO public.atividade (atividade_id, atividade_code, criador, data_criacao, global, nome_atividade) VALUES (50, 10000048, 'admin@professor.com', 1750460528370, true, 'História - Difícil 9');
INSERT INTO public.atividade (atividade_id, atividade_code, criador, data_criacao, global, nome_atividade) VALUES (51, 10000049, 'admin@professor.com', 1750460528370, true, 'História - Difícil 10');

INSERT INTO public.pergunta (id, enunciado, imagem, imagem_enunciado, valor, atividade_id) VALUES (5, true, false, false, 'Resolva a equação: 2x + 3 = 7', 2);
INSERT INTO public.pergunta (id, enunciado, imagem, imagem_enunciado, valor, atividade_id) VALUES (6, true, false, false, 'Qual é a área de um triângulo com base 10 e altura 5?', 3);
INSERT INTO public.pergunta (id, enunciado, imagem, imagem_enunciado, valor, atividade_id) VALUES (7, true, false, false, 'Quanto é 12 dividido por 3?', 4);
INSERT INTO public.pergunta (id, enunciado, imagem, imagem_enunciado, valor, atividade_id) VALUES (8, true, false, false, 'Qual é o valor de π (pi) aproximado com duas casas decimais?', 5);
INSERT INTO public.pergunta (id, enunciado, imagem, imagem_enunciado, valor, atividade_id) VALUES (9, true, false, false, 'Quantos lados tem um hexágono?', 6);
INSERT INTO public.pergunta (id, enunciado, imagem, imagem_enunciado, valor, atividade_id) VALUES (10, true, false, false, 'Qual o resultado de 3²?', 7);
INSERT INTO public.pergunta (id, enunciado, imagem, imagem_enunciado, valor, atividade_id) VALUES (11, true, false, false, 'Quanto é a raiz quadrada de 64?', 8);
INSERT INTO public.pergunta (id, enunciado, imagem, imagem_enunciado, valor, atividade_id) VALUES (12, true, false, false, 'Resolva: 5x = 25', 9);
INSERT INTO public.pergunta (id, enunciado, imagem, imagem_enunciado, valor, atividade_id) VALUES (13, true, false, false, 'Quanto é 15% de 200?', 10);
INSERT INTO public.pergunta (id, enunciado, imagem, imagem_enunciado, valor, atividade_id) VALUES (14, true, false, false, 'Qual é o número primo mais próximo de 20?', 11);
INSERT INTO public.pergunta (id, enunciado, imagem, imagem_enunciado, valor, atividade_id) VALUES (15, true, false, false, 'Qual é a fórmula da água?', 12);
INSERT INTO public.pergunta (id, enunciado, imagem, imagem_enunciado, valor, atividade_id) VALUES (16, true, false, false, 'Qual órgão é responsável por bombear o sangue no corpo humano?', 13);
INSERT INTO public.pergunta (id, enunciado, imagem, imagem_enunciado, valor, atividade_id) VALUES (17, true, false, false, 'Qual é o estado físico do ar?', 14);
INSERT INTO public.pergunta (id, enunciado, imagem, imagem_enunciado, valor, atividade_id) VALUES (18, true, false, false, 'O que as plantas precisam para realizar fotossíntese?', 15);
INSERT INTO public.pergunta (id, enunciado, imagem, imagem_enunciado, valor, atividade_id) VALUES (19, true, false, false, 'Qual planeta é conhecido como planeta vermelho?', 16);
INSERT INTO public.pergunta (id, enunciado, imagem, imagem_enunciado, valor, atividade_id) VALUES (20, true, false, false, 'Qual é o gás mais abundante na atmosfera terrestre?', 17);
INSERT INTO public.pergunta (id, enunciado, imagem, imagem_enunciado, valor, atividade_id) VALUES (21, true, false, false, 'Como se chama o processo de mudança do estado líquido para gasoso?', 18);
INSERT INTO public.pergunta (id, enunciado, imagem, imagem_enunciado, valor, atividade_id) VALUES (22, true, false, false, 'Qual é a unidade básica da vida?', 19);
INSERT INTO public.pergunta (id, enunciado, imagem, imagem_enunciado, valor, atividade_id) VALUES (23, true, false, false, 'O que mede um termômetro?', 20);
INSERT INTO public.pergunta (id, enunciado, imagem, imagem_enunciado, valor, atividade_id) VALUES (24, true, false, false, 'Que tipo de animal é uma baleia?', 21);
INSERT INTO public.pergunta (id, enunciado, imagem, imagem_enunciado, valor, atividade_id) VALUES (25, true, false, false, 'Qual é o maior país do mundo em extensão territorial?', 22);
INSERT INTO public.pergunta (id, enunciado, imagem, imagem_enunciado, valor, atividade_id) VALUES (26, true, false, false, 'Qual é a capital da França?', 23);
INSERT INTO public.pergunta (id, enunciado, imagem, imagem_enunciado, valor, atividade_id) VALUES (27, true, false, false, 'Qual é o rio mais extenso do mundo?', 24);
INSERT INTO public.pergunta (id, enunciado, imagem, imagem_enunciado, valor, atividade_id) VALUES (28, true, false, false, 'Em que continente está o Brasil?', 25);
INSERT INTO public.pergunta (id, enunciado, imagem, imagem_enunciado, valor, atividade_id) VALUES (29, true, false, false, 'Qual é o oceano entre a África e a Austrália?', 26);
INSERT INTO public.pergunta (id, enunciado, imagem, imagem_enunciado, valor, atividade_id) VALUES (30, true, false, false, 'Onde fica a Cordilheira dos Andes?', 27);
INSERT INTO public.pergunta (id, enunciado, imagem, imagem_enunciado, valor, atividade_id) VALUES (31, true, false, false, 'Qual é o deserto mais quente do mundo?', 28);
INSERT INTO public.pergunta (id, enunciado, imagem, imagem_enunciado, valor, atividade_id) VALUES (32, true, false, false, 'Que país tem mais habitantes no mundo?', 29);
INSERT INTO public.pergunta (id, enunciado, imagem, imagem_enunciado, valor, atividade_id) VALUES (33, true, false, false, 'Qual hemisfério está o Brasil?', 30);
INSERT INTO public.pergunta (id, enunciado, imagem, imagem_enunciado, valor, atividade_id) VALUES (34, true, false, false, 'Qual é a capital do Japão?', 31);
INSERT INTO public.pergunta (id, enunciado, imagem, imagem_enunciado, valor, atividade_id) VALUES (35, true, false, false, 'Qual é o antônimo de ''feliz''?', 32);
INSERT INTO public.pergunta (id, enunciado, imagem, imagem_enunciado, valor, atividade_id) VALUES (36, true, false, false, 'Qual é o tempo verbal da frase ''Eu comeria bolo''?', 33);
INSERT INTO public.pergunta (id, enunciado, imagem, imagem_enunciado, valor, atividade_id) VALUES (37, true, false, false, 'Qual é a classe gramatical da palavra ''felizmente''?', 34);
INSERT INTO public.pergunta (id, enunciado, imagem, imagem_enunciado, valor, atividade_id) VALUES (38, true, false, false, 'O plural de ''cão'' é:', 35);
INSERT INTO public.pergunta (id, enunciado, imagem, imagem_enunciado, valor, atividade_id) VALUES (39, true, false, false, 'Na palavra ''felicidade'', qual é o radical?', 36);
INSERT INTO public.pergunta (id, enunciado, imagem, imagem_enunciado, valor, atividade_id) VALUES (40, true, false, false, 'Qual é o sujeito na frase: ''O menino correu.''?', 37);
INSERT INTO public.pergunta (id, enunciado, imagem, imagem_enunciado, valor, atividade_id) VALUES (41, true, false, false, 'Qual dessas palavras tem dígrafo: ''chave'', ''casa'' ou ''fada''?', 38);
INSERT INTO public.pergunta (id, enunciado, imagem, imagem_enunciado, valor, atividade_id) VALUES (42, true, false, false, 'Na frase ''Ele é alto'', ''alto'' é:', 39);
INSERT INTO public.pergunta (id, enunciado, imagem, imagem_enunciado, valor, atividade_id) VALUES (43, true, false, false, 'Qual é a forma correta: ''haviam muitas pessoas'' ou ''havia muitas pessoas''?', 40);
INSERT INTO public.pergunta (id, enunciado, imagem, imagem_enunciado, valor, atividade_id) VALUES (44, true, false, false, 'Complete: ''Ele _____ (ver) o filme ontem.''', 41);
INSERT INTO public.pergunta (id, enunciado, imagem, imagem_enunciado, valor, atividade_id) VALUES (45, true, false, false, 'Quem foi o primeiro presidente do Brasil?', 42);
INSERT INTO public.pergunta (id, enunciado, imagem, imagem_enunciado, valor, atividade_id) VALUES (46, true, false, false, 'Em que ano ocorreu a Proclamação da República no Brasil?', 43);
INSERT INTO public.pergunta (id, enunciado, imagem, imagem_enunciado, valor, atividade_id) VALUES (47, true, false, false, 'O que foi a Revolução Francesa?', 44);
INSERT INTO public.pergunta (id, enunciado, imagem, imagem_enunciado, valor, atividade_id) VALUES (48, true, false, false, 'Quem descobriu o Brasil?', 45);
INSERT INTO public.pergunta (id, enunciado, imagem, imagem_enunciado, valor, atividade_id) VALUES (49, true, false, false, 'Qual país colonizou o Brasil?', 46);
INSERT INTO public.pergunta (id, enunciado, imagem, imagem_enunciado, valor, atividade_id) VALUES (50, true, false, false, 'Qual guerra mundial ocorreu entre 1939 e 1945?', 47);
INSERT INTO public.pergunta (id, enunciado, imagem, imagem_enunciado, valor, atividade_id) VALUES (51, true, false, false, 'Quem foi Tiradentes?', 48);
INSERT INTO public.pergunta (id, enunciado, imagem, imagem_enunciado, valor, atividade_id) VALUES (52, true, false, false, 'Qual civilização construiu as pirâmides do Egito?', 49);
INSERT INTO public.pergunta (id, enunciado, imagem, imagem_enunciado, valor, atividade_id) VALUES (53, true, false, false, 'Quem foi Napoleão Bonaparte?', 50);
INSERT INTO public.pergunta (id, enunciado, imagem, imagem_enunciado, valor, atividade_id) VALUES (54, true, false, false, 'Qual foi a capital do Império Romano?', 51);

INSERT INTO public.alternativa (id, acerto, enunciado, imagem, valor, pergunta_id) VALUES (17, true, true, false, 'Alternativa A', 5);
INSERT INTO public.alternativa (id, acerto, enunciado, imagem, valor, pergunta_id) VALUES (18, false, true, false, 'Alternativa B', 5);
INSERT INTO public.alternativa (id, acerto, enunciado, imagem, valor, pergunta_id) VALUES (19, false, true, false, 'Alternativa C', 5);
INSERT INTO public.alternativa (id, acerto, enunciado, imagem, valor, pergunta_id) VALUES (20, false, true, false, 'Alternativa D', 5);
INSERT INTO public.alternativa (id, acerto, enunciado, imagem, valor, pergunta_id) VALUES (21, true, true, false, 'Alternativa A', 6);
INSERT INTO public.alternativa (id, acerto, enunciado, imagem, valor, pergunta_id) VALUES (22, false, true, false, 'Alternativa B', 6);
INSERT INTO public.alternativa (id, acerto, enunciado, imagem, valor, pergunta_id) VALUES (23, false, true, false, 'Alternativa C', 6);
INSERT INTO public.alternativa (id, acerto, enunciado, imagem, valor, pergunta_id) VALUES (24, false, true, false, 'Alternativa D', 6);
INSERT INTO public.alternativa (id, acerto, enunciado, imagem, valor, pergunta_id) VALUES (25, true, true, false, 'Alternativa A', 7);
INSERT INTO public.alternativa (id, acerto, enunciado, imagem, valor, pergunta_id) VALUES (26, false, true, false, 'Alternativa B', 7);
INSERT INTO public.alternativa (id, acerto, enunciado, imagem, valor, pergunta_id) VALUES (27, false, true, false, 'Alternativa C', 7);
INSERT INTO public.alternativa (id, acerto, enunciado, imagem, valor, pergunta_id) VALUES (28, false, true, false, 'Alternativa D', 7);
INSERT INTO public.alternativa (id, acerto, enunciado, imagem, valor, pergunta_id) VALUES (29, true, true, false, 'Alternativa A', 8);
INSERT INTO public.alternativa (id, acerto, enunciado, imagem, valor, pergunta_id) VALUES (30, false, true, false, 'Alternativa B', 8);
INSERT INTO public.alternativa (id, acerto, enunciado, imagem, valor, pergunta_id) VALUES (31, false, true, false, 'Alternativa C', 8);
INSERT INTO public.alternativa (id, acerto, enunciado, imagem, valor, pergunta_id) VALUES (32, false, true, false, 'Alternativa D', 8);
INSERT INTO public.alternativa (id, acerto, enunciado, imagem, valor, pergunta_id) VALUES (33, true, true, false, 'Alternativa A', 9);
INSERT INTO public.alternativa (id, acerto, enunciado, imagem, valor, pergunta_id) VALUES (34, false, true, false, 'Alternativa B', 9);
INSERT INTO public.alternativa (id, acerto, enunciado, imagem, valor, pergunta_id) VALUES (35, false, true, false, 'Alternativa C', 9);
INSERT INTO public.alternativa (id, acerto, enunciado, imagem, valor, pergunta_id) VALUES (36, false, true, false, 'Alternativa D', 9);
INSERT INTO public.alternativa (id, acerto, enunciado, imagem, valor, pergunta_id) VALUES (37, true, true, false, 'Alternativa A', 10);
INSERT INTO public.alternativa (id, acerto, enunciado, imagem, valor, pergunta_id) VALUES (38, false, true, false, 'Alternativa B', 10);
INSERT INTO public.alternativa (id, acerto, enunciado, imagem, valor, pergunta_id) VALUES (39, false, true, false, 'Alternativa C', 10);
INSERT INTO public.alternativa (id, acerto, enunciado, imagem, valor, pergunta_id) VALUES (40, false, true, false, 'Alternativa D', 10);
INSERT INTO public.alternativa (id, acerto, enunciado, imagem, valor, pergunta_id) VALUES (41, true, true, false, 'Alternativa A', 11);
INSERT INTO public.alternativa (id, acerto, enunciado, imagem, valor, pergunta_id) VALUES (42, false, true, false, 'Alternativa B', 11);
INSERT INTO public.alternativa (id, acerto, enunciado, imagem, valor, pergunta_id) VALUES (43, false, true, false, 'Alternativa C', 11);
INSERT INTO public.alternativa (id, acerto, enunciado, imagem, valor, pergunta_id) VALUES (44, false, true, false, 'Alternativa D', 11);
INSERT INTO public.alternativa (id, acerto, enunciado, imagem, valor, pergunta_id) VALUES (45, true, true, false, 'Alternativa A', 12);
INSERT INTO public.alternativa (id, acerto, enunciado, imagem, valor, pergunta_id) VALUES (46, false, true, false, 'Alternativa B', 12);
INSERT INTO public.alternativa (id, acerto, enunciado, imagem, valor, pergunta_id) VALUES (47, false, true, false, 'Alternativa C', 12);
INSERT INTO public.alternativa (id, acerto, enunciado, imagem, valor, pergunta_id) VALUES (48, false, true, false, 'Alternativa D', 12);
INSERT INTO public.alternativa (id, acerto, enunciado, imagem, valor, pergunta_id) VALUES (49, true, true, false, 'Alternativa A', 13);
INSERT INTO public.alternativa (id, acerto, enunciado, imagem, valor, pergunta_id) VALUES (50, false, true, false, 'Alternativa B', 13);
INSERT INTO public.alternativa (id, acerto, enunciado, imagem, valor, pergunta_id) VALUES (51, false, true, false, 'Alternativa C', 13);
INSERT INTO public.alternativa (id, acerto, enunciado, imagem, valor, pergunta_id) VALUES (52, false, true, false, 'Alternativa D', 13);
INSERT INTO public.alternativa (id, acerto, enunciado, imagem, valor, pergunta_id) VALUES (53, true, true, false, 'Alternativa A', 14);
INSERT INTO public.alternativa (id, acerto, enunciado, imagem, valor, pergunta_id) VALUES (54, false, true, false, 'Alternativa B', 14);
INSERT INTO public.alternativa (id, acerto, enunciado, imagem, valor, pergunta_id) VALUES (55, false, true, false, 'Alternativa C', 14);
INSERT INTO public.alternativa (id, acerto, enunciado, imagem, valor, pergunta_id) VALUES (56, false, true, false, 'Alternativa D', 14);
INSERT INTO public.alternativa (id, acerto, enunciado, imagem, valor, pergunta_id) VALUES (57, true, true, false, 'Alternativa A', 15);
INSERT INTO public.alternativa (id, acerto, enunciado, imagem, valor, pergunta_id) VALUES (58, false, true, false, 'Alternativa B', 15);
INSERT INTO public.alternativa (id, acerto, enunciado, imagem, valor, pergunta_id) VALUES (59, false, true, false, 'Alternativa C', 15);
INSERT INTO public.alternativa (id, acerto, enunciado, imagem, valor, pergunta_id) VALUES (60, false, true, false, 'Alternativa D', 15);
INSERT INTO public.alternativa (id, acerto, enunciado, imagem, valor, pergunta_id) VALUES (61, true, true, false, 'Alternativa A', 16);
INSERT INTO public.alternativa (id, acerto, enunciado, imagem, valor, pergunta_id) VALUES (62, false, true, false, 'Alternativa B', 16);
INSERT INTO public.alternativa (id, acerto, enunciado, imagem, valor, pergunta_id) VALUES (63, false, true, false, 'Alternativa C', 16);
INSERT INTO public.alternativa (id, acerto, enunciado, imagem, valor, pergunta_id) VALUES (64, false, true, false, 'Alternativa D', 16);
INSERT INTO public.alternativa (id, acerto, enunciado, imagem, valor, pergunta_id) VALUES (65, true, true, false, 'Alternativa A', 17);
INSERT INTO public.alternativa (id, acerto, enunciado, imagem, valor, pergunta_id) VALUES (66, false, true, false, 'Alternativa B', 17);
INSERT INTO public.alternativa (id, acerto, enunciado, imagem, valor, pergunta_id) VALUES (67, false, true, false, 'Alternativa C', 17);
INSERT INTO public.alternativa (id, acerto, enunciado, imagem, valor, pergunta_id) VALUES (68, false, true, false, 'Alternativa D', 17);
INSERT INTO public.alternativa (id, acerto, enunciado, imagem, valor, pergunta_id) VALUES (69, true, true, false, 'Alternativa A', 18);
INSERT INTO public.alternativa (id, acerto, enunciado, imagem, valor, pergunta_id) VALUES (70, false, true, false, 'Alternativa B', 18);
INSERT INTO public.alternativa (id, acerto, enunciado, imagem, valor, pergunta_id) VALUES (71, false, true, false, 'Alternativa C', 18);
INSERT INTO public.alternativa (id, acerto, enunciado, imagem, valor, pergunta_id) VALUES (72, false, true, false, 'Alternativa D', 18);
INSERT INTO public.alternativa (id, acerto, enunciado, imagem, valor, pergunta_id) VALUES (73, true, true, false, 'Alternativa A', 19);
INSERT INTO public.alternativa (id, acerto, enunciado, imagem, valor, pergunta_id) VALUES (74, false, true, false, 'Alternativa B', 19);
INSERT INTO public.alternativa (id, acerto, enunciado, imagem, valor, pergunta_id) VALUES (75, false, true, false, 'Alternativa C', 19);
INSERT INTO public.alternativa (id, acerto, enunciado, imagem, valor, pergunta_id) VALUES (76, false, true, false, 'Alternativa D', 19);
INSERT INTO public.alternativa (id, acerto, enunciado, imagem, valor, pergunta_id) VALUES (77, true, true, false, 'Alternativa A', 20);
INSERT INTO public.alternativa (id, acerto, enunciado, imagem, valor, pergunta_id) VALUES (78, false, true, false, 'Alternativa B', 20);
INSERT INTO public.alternativa (id, acerto, enunciado, imagem, valor, pergunta_id) VALUES (79, false, true, false, 'Alternativa C', 20);
INSERT INTO public.alternativa (id, acerto, enunciado, imagem, valor, pergunta_id) VALUES (80, false, true, false, 'Alternativa D', 20);
INSERT INTO public.alternativa (id, acerto, enunciado, imagem, valor, pergunta_id) VALUES (81, true, true, false, 'Alternativa A', 21);
INSERT INTO public.alternativa (id, acerto, enunciado, imagem, valor, pergunta_id) VALUES (82, false, true, false, 'Alternativa B', 21);
INSERT INTO public.alternativa (id, acerto, enunciado, imagem, valor, pergunta_id) VALUES (83, false, true, false, 'Alternativa C', 21);
INSERT INTO public.alternativa (id, acerto, enunciado, imagem, valor, pergunta_id) VALUES (84, false, true, false, 'Alternativa D', 21);
INSERT INTO public.alternativa (id, acerto, enunciado, imagem, valor, pergunta_id) VALUES (85, true, true, false, 'Alternativa A', 22);
INSERT INTO public.alternativa (id, acerto, enunciado, imagem, valor, pergunta_id) VALUES (86, false, true, false, 'Alternativa B', 22);
INSERT INTO public.alternativa (id, acerto, enunciado, imagem, valor, pergunta_id) VALUES (87, false, true, false, 'Alternativa C', 22);
INSERT INTO public.alternativa (id, acerto, enunciado, imagem, valor, pergunta_id) VALUES (88, false, true, false, 'Alternativa D', 22);
INSERT INTO public.alternativa (id, acerto, enunciado, imagem, valor, pergunta_id) VALUES (89, true, true, false, 'Alternativa A', 23);
INSERT INTO public.alternativa (id, acerto, enunciado, imagem, valor, pergunta_id) VALUES (90, false, true, false, 'Alternativa B', 23);
INSERT INTO public.alternativa (id, acerto, enunciado, imagem, valor, pergunta_id) VALUES (91, false, true, false, 'Alternativa C', 23);
INSERT INTO public.alternativa (id, acerto, enunciado, imagem, valor, pergunta_id) VALUES (92, false, true, false, 'Alternativa D', 23);
INSERT INTO public.alternativa (id, acerto, enunciado, imagem, valor, pergunta_id) VALUES (93, true, true, false, 'Alternativa A', 24);
INSERT INTO public.alternativa (id, acerto, enunciado, imagem, valor, pergunta_id) VALUES (94, false, true, false, 'Alternativa B', 24);
INSERT INTO public.alternativa (id, acerto, enunciado, imagem, valor, pergunta_id) VALUES (95, false, true, false, 'Alternativa C', 24);
INSERT INTO public.alternativa (id, acerto, enunciado, imagem, valor, pergunta_id) VALUES (96, false, true, false, 'Alternativa D', 24);
INSERT INTO public.alternativa (id, acerto, enunciado, imagem, valor, pergunta_id) VALUES (97, true, true, false, 'Alternativa A', 25);
INSERT INTO public.alternativa (id, acerto, enunciado, imagem, valor, pergunta_id) VALUES (98, false, true, false, 'Alternativa B', 25);
INSERT INTO public.alternativa (id, acerto, enunciado, imagem, valor, pergunta_id) VALUES (99, false, true, false, 'Alternativa C', 25);
INSERT INTO public.alternativa (id, acerto, enunciado, imagem, valor, pergunta_id) VALUES (100, false, true, false, 'Alternativa D', 25);
INSERT INTO public.alternativa (id, acerto, enunciado, imagem, valor, pergunta_id) VALUES (101, true, true, false, 'Alternativa A', 26);
INSERT INTO public.alternativa (id, acerto, enunciado, imagem, valor, pergunta_id) VALUES (102, false, true, false, 'Alternativa B', 26);
INSERT INTO public.alternativa (id, acerto, enunciado, imagem, valor, pergunta_id) VALUES (103, false, true, false, 'Alternativa C', 26);
INSERT INTO public.alternativa (id, acerto, enunciado, imagem, valor, pergunta_id) VALUES (104, false, true, false, 'Alternativa D', 26);
INSERT INTO public.alternativa (id, acerto, enunciado, imagem, valor, pergunta_id) VALUES (105, true, true, false, 'Alternativa A', 27);
INSERT INTO public.alternativa (id, acerto, enunciado, imagem, valor, pergunta_id) VALUES (106, false, true, false, 'Alternativa B', 27);
INSERT INTO public.alternativa (id, acerto, enunciado, imagem, valor, pergunta_id) VALUES (107, false, true, false, 'Alternativa C', 27);
INSERT INTO public.alternativa (id, acerto, enunciado, imagem, valor, pergunta_id) VALUES (108, false, true, false, 'Alternativa D', 27);
INSERT INTO public.alternativa (id, acerto, enunciado, imagem, valor, pergunta_id) VALUES (109, true, true, false, 'Alternativa A', 28);
INSERT INTO public.alternativa (id, acerto, enunciado, imagem, valor, pergunta_id) VALUES (110, false, true, false, 'Alternativa B', 28);
INSERT INTO public.alternativa (id, acerto, enunciado, imagem, valor, pergunta_id) VALUES (111, false, true, false, 'Alternativa C', 28);
INSERT INTO public.alternativa (id, acerto, enunciado, imagem, valor, pergunta_id) VALUES (112, false, true, false, 'Alternativa D', 28);
INSERT INTO public.alternativa (id, acerto, enunciado, imagem, valor, pergunta_id) VALUES (113, true, true, false, 'Alternativa A', 29);
INSERT INTO public.alternativa (id, acerto, enunciado, imagem, valor, pergunta_id) VALUES (114, false, true, false, 'Alternativa B', 29);
INSERT INTO public.alternativa (id, acerto, enunciado, imagem, valor, pergunta_id) VALUES (115, false, true, false, 'Alternativa C', 29);
INSERT INTO public.alternativa (id, acerto, enunciado, imagem, valor, pergunta_id) VALUES (116, false, true, false, 'Alternativa D', 29);
INSERT INTO public.alternativa (id, acerto, enunciado, imagem, valor, pergunta_id) VALUES (117, true, true, false, 'Alternativa A', 30);
INSERT INTO public.alternativa (id, acerto, enunciado, imagem, valor, pergunta_id) VALUES (118, false, true, false, 'Alternativa B', 30);
INSERT INTO public.alternativa (id, acerto, enunciado, imagem, valor, pergunta_id) VALUES (119, false, true, false, 'Alternativa C', 30);
INSERT INTO public.alternativa (id, acerto, enunciado, imagem, valor, pergunta_id) VALUES (120, false, true, false, 'Alternativa D', 30);
INSERT INTO public.alternativa (id, acerto, enunciado, imagem, valor, pergunta_id) VALUES (121, true, true, false, 'Alternativa A', 31);
INSERT INTO public.alternativa (id, acerto, enunciado, imagem, valor, pergunta_id) VALUES (122, false, true, false, 'Alternativa B', 31);
INSERT INTO public.alternativa (id, acerto, enunciado, imagem, valor, pergunta_id) VALUES (123, false, true, false, 'Alternativa C', 31);
INSERT INTO public.alternativa (id, acerto, enunciado, imagem, valor, pergunta_id) VALUES (124, false, true, false, 'Alternativa D', 31);
INSERT INTO public.alternativa (id, acerto, enunciado, imagem, valor, pergunta_id) VALUES (125, true, true, false, 'Alternativa A', 32);
INSERT INTO public.alternativa (id, acerto, enunciado, imagem, valor, pergunta_id) VALUES (126, false, true, false, 'Alternativa B', 32);
INSERT INTO public.alternativa (id, acerto, enunciado, imagem, valor, pergunta_id) VALUES (127, false, true, false, 'Alternativa C', 32);
INSERT INTO public.alternativa (id, acerto, enunciado, imagem, valor, pergunta_id) VALUES (128, false, true, false, 'Alternativa D', 32);
INSERT INTO public.alternativa (id, acerto, enunciado, imagem, valor, pergunta_id) VALUES (129, true, true, false, 'Alternativa A', 33);
INSERT INTO public.alternativa (id, acerto, enunciado, imagem, valor, pergunta_id) VALUES (130, false, true, false, 'Alternativa B', 33);
INSERT INTO public.alternativa (id, acerto, enunciado, imagem, valor, pergunta_id) VALUES (131, false, true, false, 'Alternativa C', 33);
INSERT INTO public.alternativa (id, acerto, enunciado, imagem, valor, pergunta_id) VALUES (132, false, true, false, 'Alternativa D', 33);
INSERT INTO public.alternativa (id, acerto, enunciado, imagem, valor, pergunta_id) VALUES (133, true, true, false, 'Alternativa A', 34);
INSERT INTO public.alternativa (id, acerto, enunciado, imagem, valor, pergunta_id) VALUES (134, false, true, false, 'Alternativa B', 34);
INSERT INTO public.alternativa (id, acerto, enunciado, imagem, valor, pergunta_id) VALUES (135, false, true, false, 'Alternativa C', 34);
INSERT INTO public.alternativa (id, acerto, enunciado, imagem, valor, pergunta_id) VALUES (136, false, true, false, 'Alternativa D', 34);
INSERT INTO public.alternativa (id, acerto, enunciado, imagem, valor, pergunta_id) VALUES (137, true, true, false, 'Alternativa A', 35);
INSERT INTO public.alternativa (id, acerto, enunciado, imagem, valor, pergunta_id) VALUES (138, false, true, false, 'Alternativa B', 35);
INSERT INTO public.alternativa (id, acerto, enunciado, imagem, valor, pergunta_id) VALUES (139, false, true, false, 'Alternativa C', 35);
INSERT INTO public.alternativa (id, acerto, enunciado, imagem, valor, pergunta_id) VALUES (140, false, true, false, 'Alternativa D', 35);
INSERT INTO public.alternativa (id, acerto, enunciado, imagem, valor, pergunta_id) VALUES (141, true, true, false, 'Alternativa A', 36);
INSERT INTO public.alternativa (id, acerto, enunciado, imagem, valor, pergunta_id) VALUES (142, false, true, false, 'Alternativa B', 36);
INSERT INTO public.alternativa (id, acerto, enunciado, imagem, valor, pergunta_id) VALUES (143, false, true, false, 'Alternativa C', 36);
INSERT INTO public.alternativa (id, acerto, enunciado, imagem, valor, pergunta_id) VALUES (144, false, true, false, 'Alternativa D', 36);
INSERT INTO public.alternativa (id, acerto, enunciado, imagem, valor, pergunta_id) VALUES (145, true, true, false, 'Alternativa A', 37);
INSERT INTO public.alternativa (id, acerto, enunciado, imagem, valor, pergunta_id) VALUES (146, false, true, false, 'Alternativa B', 37);
INSERT INTO public.alternativa (id, acerto, enunciado, imagem, valor, pergunta_id) VALUES (147, false, true, false, 'Alternativa C', 37);
INSERT INTO public.alternativa (id, acerto, enunciado, imagem, valor, pergunta_id) VALUES (148, false, true, false, 'Alternativa D', 37);
INSERT INTO public.alternativa (id, acerto, enunciado, imagem, valor, pergunta_id) VALUES (149, true, true, false, 'Alternativa A', 38);
INSERT INTO public.alternativa (id, acerto, enunciado, imagem, valor, pergunta_id) VALUES (150, false, true, false, 'Alternativa B', 38);
INSERT INTO public.alternativa (id, acerto, enunciado, imagem, valor, pergunta_id) VALUES (151, false, true, false, 'Alternativa C', 38);
INSERT INTO public.alternativa (id, acerto, enunciado, imagem, valor, pergunta_id) VALUES (152, false, true, false, 'Alternativa D', 38);
INSERT INTO public.alternativa (id, acerto, enunciado, imagem, valor, pergunta_id) VALUES (153, true, true, false, 'Alternativa A', 39);
INSERT INTO public.alternativa (id, acerto, enunciado, imagem, valor, pergunta_id) VALUES (154, false, true, false, 'Alternativa B', 39);
INSERT INTO public.alternativa (id, acerto, enunciado, imagem, valor, pergunta_id) VALUES (155, false, true, false, 'Alternativa C', 39);
INSERT INTO public.alternativa (id, acerto, enunciado, imagem, valor, pergunta_id) VALUES (156, false, true, false, 'Alternativa D', 39);
INSERT INTO public.alternativa (id, acerto, enunciado, imagem, valor, pergunta_id) VALUES (157, true, true, false, 'Alternativa A', 40);
INSERT INTO public.alternativa (id, acerto, enunciado, imagem, valor, pergunta_id) VALUES (158, false, true, false, 'Alternativa B', 40);
INSERT INTO public.alternativa (id, acerto, enunciado, imagem, valor, pergunta_id) VALUES (159, false, true, false, 'Alternativa C', 40);
INSERT INTO public.alternativa (id, acerto, enunciado, imagem, valor, pergunta_id) VALUES (160, false, true, false, 'Alternativa D', 40);
INSERT INTO public.alternativa (id, acerto, enunciado, imagem, valor, pergunta_id) VALUES (161, true, true, false, 'Alternativa A', 41);
INSERT INTO public.alternativa (id, acerto, enunciado, imagem, valor, pergunta_id) VALUES (162, false, true, false, 'Alternativa B', 41);
INSERT INTO public.alternativa (id, acerto, enunciado, imagem, valor, pergunta_id) VALUES (163, false, true, false, 'Alternativa C', 41);
INSERT INTO public.alternativa (id, acerto, enunciado, imagem, valor, pergunta_id) VALUES (164, false, true, false, 'Alternativa D', 41);
INSERT INTO public.alternativa (id, acerto, enunciado, imagem, valor, pergunta_id) VALUES (165, true, true, false, 'Alternativa A', 42);
INSERT INTO public.alternativa (id, acerto, enunciado, imagem, valor, pergunta_id) VALUES (166, false, true, false, 'Alternativa B', 42);
INSERT INTO public.alternativa (id, acerto, enunciado, imagem, valor, pergunta_id) VALUES (167, false, true, false, 'Alternativa C', 42);
INSERT INTO public.alternativa (id, acerto, enunciado, imagem, valor, pergunta_id) VALUES (168, false, true, false, 'Alternativa D', 42);
INSERT INTO public.alternativa (id, acerto, enunciado, imagem, valor, pergunta_id) VALUES (169, true, true, false, 'Alternativa A', 43);
INSERT INTO public.alternativa (id, acerto, enunciado, imagem, valor, pergunta_id) VALUES (170, false, true, false, 'Alternativa B', 43);
INSERT INTO public.alternativa (id, acerto, enunciado, imagem, valor, pergunta_id) VALUES (171, false, true, false, 'Alternativa C', 43);
INSERT INTO public.alternativa (id, acerto, enunciado, imagem, valor, pergunta_id) VALUES (172, false, true, false, 'Alternativa D', 43);
INSERT INTO public.alternativa (id, acerto, enunciado, imagem, valor, pergunta_id) VALUES (173, true, true, false, 'Alternativa A', 44);
INSERT INTO public.alternativa (id, acerto, enunciado, imagem, valor, pergunta_id) VALUES (174, false, true, false, 'Alternativa B', 44);
INSERT INTO public.alternativa (id, acerto, enunciado, imagem, valor, pergunta_id) VALUES (175, false, true, false, 'Alternativa C', 44);
INSERT INTO public.alternativa (id, acerto, enunciado, imagem, valor, pergunta_id) VALUES (176, false, true, false, 'Alternativa D', 44);
INSERT INTO public.alternativa (id, acerto, enunciado, imagem, valor, pergunta_id) VALUES (177, true, true, false, 'Alternativa A', 45);
INSERT INTO public.alternativa (id, acerto, enunciado, imagem, valor, pergunta_id) VALUES (178, false, true, false, 'Alternativa B', 45);
INSERT INTO public.alternativa (id, acerto, enunciado, imagem, valor, pergunta_id) VALUES (179, false, true, false, 'Alternativa C', 45);
INSERT INTO public.alternativa (id, acerto, enunciado, imagem, valor, pergunta_id) VALUES (180, false, true, false, 'Alternativa D', 45);
INSERT INTO public.alternativa (id, acerto, enunciado, imagem, valor, pergunta_id) VALUES (181, true, true, false, 'Alternativa A', 46);
INSERT INTO public.alternativa (id, acerto, enunciado, imagem, valor, pergunta_id) VALUES (182, false, true, false, 'Alternativa B', 46);
INSERT INTO public.alternativa (id, acerto, enunciado, imagem, valor, pergunta_id) VALUES (183, false, true, false, 'Alternativa C', 46);
INSERT INTO public.alternativa (id, acerto, enunciado, imagem, valor, pergunta_id) VALUES (184, false, true, false, 'Alternativa D', 46);
INSERT INTO public.alternativa (id, acerto, enunciado, imagem, valor, pergunta_id) VALUES (185, true, true, false, 'Alternativa A', 47);
INSERT INTO public.alternativa (id, acerto, enunciado, imagem, valor, pergunta_id) VALUES (186, false, true, false, 'Alternativa B', 47);
INSERT INTO public.alternativa (id, acerto, enunciado, imagem, valor, pergunta_id) VALUES (187, false, true, false, 'Alternativa C', 47);
INSERT INTO public.alternativa (id, acerto, enunciado, imagem, valor, pergunta_id) VALUES (188, false, true, false, 'Alternativa D', 47);
INSERT INTO public.alternativa (id, acerto, enunciado, imagem, valor, pergunta_id) VALUES (189, true, true, false, 'Alternativa A', 48);
INSERT INTO public.alternativa (id, acerto, enunciado, imagem, valor, pergunta_id) VALUES (190, false, true, false, 'Alternativa B', 48);
INSERT INTO public.alternativa (id, acerto, enunciado, imagem, valor, pergunta_id) VALUES (191, false, true, false, 'Alternativa C', 48);
INSERT INTO public.alternativa (id, acerto, enunciado, imagem, valor, pergunta_id) VALUES (192, false, true, false, 'Alternativa D', 48);
INSERT INTO public.alternativa (id, acerto, enunciado, imagem, valor, pergunta_id) VALUES (193, true, true, false, 'Alternativa A', 49);
INSERT INTO public.alternativa (id, acerto, enunciado, imagem, valor, pergunta_id) VALUES (194, false, true, false, 'Alternativa B', 49);
INSERT INTO public.alternativa (id, acerto, enunciado, imagem, valor, pergunta_id) VALUES (195, false, true, false, 'Alternativa C', 49);
INSERT INTO public.alternativa (id, acerto, enunciado, imagem, valor, pergunta_id) VALUES (196, false, true, false, 'Alternativa D', 49);
INSERT INTO public.alternativa (id, acerto, enunciado, imagem, valor, pergunta_id) VALUES (197, true, true, false, 'Alternativa A', 50);
INSERT INTO public.alternativa (id, acerto, enunciado, imagem, valor, pergunta_id) VALUES (198, false, true, false, 'Alternativa B', 50);
INSERT INTO public.alternativa (id, acerto, enunciado, imagem, valor, pergunta_id) VALUES (199, false, true, false, 'Alternativa C', 50);
INSERT INTO public.alternativa (id, acerto, enunciado, imagem, valor, pergunta_id) VALUES (200, false, true, false, 'Alternativa D', 50);
INSERT INTO public.alternativa (id, acerto, enunciado, imagem, valor, pergunta_id) VALUES (201, true, true, false, 'Alternativa A', 51);
INSERT INTO public.alternativa (id, acerto, enunciado, imagem, valor, pergunta_id) VALUES (202, false, true, false, 'Alternativa B', 51);
INSERT INTO public.alternativa (id, acerto, enunciado, imagem, valor, pergunta_id) VALUES (203, false, true, false, 'Alternativa C', 51);
INSERT INTO public.alternativa (id, acerto, enunciado, imagem, valor, pergunta_id) VALUES (204, false, true, false, 'Alternativa D', 51);
INSERT INTO public.alternativa (id, acerto, enunciado, imagem, valor, pergunta_id) VALUES (205, true, true, false, 'Alternativa A', 52);
INSERT INTO public.alternativa (id, acerto, enunciado, imagem, valor, pergunta_id) VALUES (206, false, true, false, 'Alternativa B', 52);
INSERT INTO public.alternativa (id, acerto, enunciado, imagem, valor, pergunta_id) VALUES (207, false, true, false, 'Alternativa C', 52);
INSERT INTO public.alternativa (id, acerto, enunciado, imagem, valor, pergunta_id) VALUES (208, false, true, false, 'Alternativa D', 52);
INSERT INTO public.alternativa (id, acerto, enunciado, imagem, valor, pergunta_id) VALUES (209, true, true, false, 'Alternativa A', 53);
INSERT INTO public.alternativa (id, acerto, enunciado, imagem, valor, pergunta_id) VALUES (210, false, true, false, 'Alternativa B', 53);
INSERT INTO public.alternativa (id, acerto, enunciado, imagem, valor, pergunta_id) VALUES (211, false, true, false, 'Alternativa C', 53);
INSERT INTO public.alternativa (id, acerto, enunciado, imagem, valor, pergunta_id) VALUES (212, false, true, false, 'Alternativa D', 53);
INSERT INTO public.alternativa (id, acerto, enunciado, imagem, valor, pergunta_id) VALUES (213, true, true, false, 'Alternativa A', 54);
INSERT INTO public.alternativa (id, acerto, enunciado, imagem, valor, pergunta_id) VALUES (214, false, true, false, 'Alternativa B', 54);
INSERT INTO public.alternativa (id, acerto, enunciado, imagem, valor, pergunta_id) VALUES (215, false, true, false, 'Alternativa C', 54);
INSERT INTO public.alternativa (id, acerto, enunciado, imagem, valor, pergunta_id) VALUES (216, false, true, false, 'Alternativa D', 54);